,href,Text content,layer3
0,/wiki/Talk:20_%E0%AE%86%E0%AE%AE%E0%AF%8D_%E0%AE%A8%E0%AF%82%E0%AE%B1%E0%AF%8D%E0%AE%B1%E0%AE%BE%E0%AE%A3%E0%AF%8D%E0%AE%9F%E0%AF%81_%E0%AE%A4%E0%AE%AE%E0%AE%BF%E0%AE%B4%E0%AF%8D_%E0%AE%87%E0%AE%A4%E0%AE%B4%E0%AF%8D%E0%AE%95%E0%AE%B3%E0%AF%8D,Talk:20 ஆம் நூற்றாண்டு தமிழ் இதழ்கள்,Talk:20 ஆம் நூற்றாண்டு தமிழ் இதழ்கள்
1,/wiki/Talk:A.P._Periyasamy_Pulvar,Talk:A.P. Periyasamy Pulvar,Talk:A.P. Periyasamy Pulvar
2,/wiki/Talk:A.S._Raghavan,Talk:A.S. Raghavan,Talk:A.S. Raghavan
3,/wiki/Talk:Aatrupadai,Talk:Aatrupadai,Talk:Aatrupadai
4,/wiki/Talk:Anantnath,Talk:Anantnath,Talk:Anantnath
5,/wiki/Talk:Arahnath,Talk:Arahnath,Talk:Arahnath
6,/wiki/Talk:Aravalli_Sooravalli_Story,Talk:Aravalli Sooravalli Story,Talk:Aravalli Sooravalli Story
7,/wiki/Talk:Asalambikai,Talk:Asalambikai,Talk:Asalambikai
8,/wiki/Talk:C._P._Chitrarasu,Talk:C. P. Chitrarasu,Talk:C. P. Chitrarasu
9,/wiki/Talk:C._Sivagnana_Sundaram,Talk:C. Sivagnana Sundaram,Talk:C. Sivagnana Sundaram
10,/wiki/Talk:Chandilyan,Talk:Chandilyan,Talk:Chandilyan
11,/wiki/Talk:Hephzibah_Jesudasan,Talk:Hephzibah Jesudasan,Talk:Hephzibah Jesudasan
12,/wiki/Talk:Ilango_Krishnan,Talk:Ilango Krishnan,Talk:Ilango Krishnan
13,/wiki/Talk:Isaac_Henry_Hacker,Talk:Isaac Henry Hacker,Talk:Isaac Henry Hacker
14,/wiki/Talk:Jayakanthan,Talk:Jayakanthan,Talk:Jayakanthan
15,/wiki/Talk:K._Savitri_Ammal,Talk:K. Savitri Ammal,Talk:K. Savitri Ammal
16,/wiki/Talk:Kadalul_Maaintha_Ilamperuvazhuthi,Talk:Kadalul Maaintha Ilamperuvazhuthi,Talk:Kadalul Maaintha Ilamperuvazhuthi
17,/wiki/Talk:Kamala_Sadagopan,Talk:Kamala Sadagopan,Talk:Kamala Sadagopan
18,/wiki/Talk:Kamban_Puthiya_Parvai,Talk:Kamban Puthiya Parvai,Talk:Kamban Puthiya Parvai
19,/wiki/Talk:Kappal_Pattu,Talk:Kappal Pattu,Talk:Kappal Pattu
20,/wiki/Talk:Karaikal_Ammaiyar,Talk:Karaikal Ammaiyar,Talk:Karaikal Ammaiyar
21,/wiki/Talk:Ki._Saraswathi_Ammal,Talk:Ki. Saraswathi Ammal,Talk:Ki. Saraswathi Ammal
22,/wiki/Talk:King_Viswa,Talk:King Viswa,Talk:King Viswa
23,/wiki/Talk:Kiruthika,Talk:Kiruthika,Talk:Kiruthika
24,"/wiki/Talk:Murugan,_The_Tiller_(novel)","Talk:Murugan, The Tiller (novel)","Talk:Murugan, The Tiller (novel)"
25,/wiki/Talk:N._Chokkan,Talk:N. Chokkan,Talk:N. Chokkan
26,/wiki/Talk:Na._Pichamurthy,Talk:Na. Pichamurthy,Talk:Na. Pichamurthy
27,/wiki/Talk:Ollaiyur_thantha_poothapandian,Talk:Ollaiyur thantha poothapandian,Talk:Ollaiyur thantha poothapandian
28,/wiki/Talk:Oru_Puliyamarathin_Kathai,Talk:Oru Puliyamarathin Kathai,Talk:Oru Puliyamarathin Kathai
29,/wiki/Talk:Parithimar_Kalaignar,Talk:Parithimar Kalaignar,Talk:Parithimar Kalaignar
30,/wiki/Talk:R._Ilankumaranar,Talk:R. Ilankumaranar,Talk:R. Ilankumaranar
31,/wiki/Talk:R._S._Rajalakshmi_Ammal,Talk:R. S. Rajalakshmi Ammal,Talk:R. S. Rajalakshmi Ammal
32,/wiki/Talk:R._Shanmugasundaram,Talk:R. Shanmugasundaram,Talk:R. Shanmugasundaram
33,/wiki/Talk:Ra._Kaviyarasu,Talk:Ra. Kaviyarasu,Talk:Ra. Kaviyarasu
34,/wiki/Talk:Rama_Kavi,Talk:Rama Kavi,Talk:Rama Kavi
35,/wiki/Talk:Ramalinga_Vallalar,Talk:Ramalinga Vallalar,Talk:Ramalinga Vallalar
36,/wiki/Talk:Ramasubramania_Navalar,Talk:Ramasubramania Navalar,Talk:Ramasubramania Navalar
37,/wiki/Talk:Rasappa_Mudaliar,Talk:Rasappa Mudaliar,Talk:Rasappa Mudaliar
38,/wiki/Talk:S.V._Subramanian,Talk:S.V. Subramanian,Talk:S.V. Subramanian
39,/wiki/Talk:S._Balasundaram,Talk:S. Balasundaram,Talk:S. Balasundaram
40,/wiki/Talk:S._Ramakrishnan,Talk:S. Ramakrishnan,Talk:S. Ramakrishnan
41,/wiki/Talk:S._Ramakrishnan_(Scholar),Talk:S. Ramakrishnan (Scholar),Talk:S. Ramakrishnan (Scholar)
42,/wiki/Talk:Sevarkulam_Kandasami_Pulavar,Talk:Sevarkulam Kandasami Pulavar,Talk:Sevarkulam Kandasami Pulavar
43,/wiki/Talk:Subramania_Pandithar,Talk:Subramania Pandithar,Talk:Subramania Pandithar
44,/wiki/Talk:Suddhananda_Barathi,Talk:Suddhananda Barathi,Talk:Suddhananda Barathi
45,/wiki/Talk:Sundara_Mudaliar,Talk:Sundara Mudaliar,Talk:Sundara Mudaliar
46,/wiki/Talk:Uba_Pandavam,Talk:Uba Pandavam,Talk:Uba Pandavam
47,/wiki/Talk:Ulamadal,Talk:Ulamadal,Talk:Ulamadal
48,/wiki/Talk:Uthuman_Lebbai_Mashayik,Talk:Uthuman Lebbai Mashayik,Talk:Uthuman Lebbai Mashayik
49,/wiki/Talk:%E0%AE%85._%E0%AE%85%E0%AE%B1%E0%AE%BF%E0%AE%B5%E0%AF%81%E0%AE%A8%E0%AE%AE%E0%AF%8D%E0%AE%AA%E0%AE%BF,Talk:அ. அறிவுநம்பி,Talk:அ. அறிவுநம்பி
50,/wiki/Talk:%E0%AE%85._%E0%AE%9A%E0%AE%A8%E0%AF%8D%E0%AE%A4%E0%AE%BF%E0%AE%B0%E0%AE%9A%E0%AF%87%E0%AE%95%E0%AE%B0_%E0%AE%AA%E0%AE%A3%E0%AF%8D%E0%AE%9F%E0%AE%BF%E0%AE%A4%E0%AE%B0%E0%AF%8D,Talk:அ. சந்திரசேகர பண்டிதர்,Talk:அ. சந்திரசேகர பண்டிதர்
51,/wiki/Talk:%E0%AE%85._%E0%AE%A8%E0%AE%BE%E0%AE%95%E0%AE%AA%E0%AF%8D%E0%AE%AA_%E0%AE%AE%E0%AF%81%E0%AE%A4%E0%AE%B2%E0%AE%BF%E0%AE%AF%E0%AE%BE%E0%AE%B0%E0%AF%8D,Talk:அ. நாகப்ப முதலியார்,Talk:அ. நாகப்ப முதலியார்
52,/wiki/Talk:%E0%AE%85._%E0%AE%B0%E0%AF%86%E0%AE%99%E0%AF%8D%E0%AE%95%E0%AE%9A%E0%AE%BE%E0%AE%AE%E0%AE%BF,Talk:அ. ரெங்கசாமி,Talk:அ. ரெங்கசாமி
53,/wiki/Talk:%E0%AE%85._%E0%AE%B5%E0%AF%88%E0%AE%A4%E0%AF%8D%E0%AE%A4%E0%AE%BF%E0%AE%AF%E0%AE%A8%E0%AE%BE%E0%AE%A4%E0%AE%AF%E0%AF%8D%E0%AE%AF%E0%AE%B0%E0%AF%8D,Talk:அ. வைத்தியநாதய்யர்,Talk:அ. வைத்தியநாதய்யர்
54,/wiki/Talk:%E0%AE%85.%E0%AE%85.%E0%AE%AE%E0%AE%A3%E0%AE%B5%E0%AE%BE%E0%AE%B3%E0%AE%A9%E0%AF%8D,Talk:அ.அ.மணவாளன்,Talk:அ.அ.மணவாளன்
55,/wiki/Talk:%E0%AE%85.%E0%AE%95%E0%AE%BE._%E0%AE%AA%E0%AF%86%E0%AE%B0%E0%AF%81%E0%AE%AE%E0%AE%BE%E0%AE%B3%E0%AF%8D,Talk:அ.கா. பெருமாள்,Talk:அ.கா. பெருமாள்
56,/wiki/Talk:%E0%AE%85%E0%AE%95%E0%AE%BF%E0%AE%B2%E0%AF%87%E0%AE%B8%E0%AF%8D%E0%AE%B5%E0%AE%B0_%E0%AE%9A%E0%AE%B0%E0%AF%8D%E0%AE%AE%E0%AE%BE,Talk:அகிலேஸ்வர சர்மா,Talk:அகிலேஸ்வர சர்மா
57,/wiki/Talk:%E0%AE%85%E0%AE%95%E0%AF%8B%E0%AE%B0_%E0%AE%9A%E0%AE%BF%E0%AE%B5%E0%AE%BE%E0%AE%9A%E0%AF%8D%E0%AE%9A%E0%AE%BE%E0%AE%B0%E0%AE%BF%E0%AE%AF%E0%AE%BE%E0%AE%B0%E0%AF%8D,Talk:அகோர சிவாச்சாரியார்,Talk:அகோர சிவாச்சாரியார்
58,/wiki/Talk:%E0%AE%85%E0%AE%9A%E0%AF%8B%E0%AE%95%E0%AE%AE%E0%AE%BF%E0%AE%A4%E0%AF%8D%E0%AE%A4%E0%AE%BF%E0%AE%B0%E0%AE%A9%E0%AF%8D,Talk:அசோகமித்திரன்,Talk:அசோகமித்திரன்
59,/wiki/Talk:%E0%AE%85%E0%AE%9C%E0%AE%BF%E0%AE%A4%E0%AE%A8%E0%AE%BE%E0%AE%A4%E0%AE%B0%E0%AF%8D,Talk:அஜிதநாதர்,Talk:அஜிதநாதர்
60,/wiki/Talk:%E0%AE%85%E0%AE%9F%E0%AF%8D%E0%AE%9F%E0%AE%AE%E0%AE%99%E0%AF%8D%E0%AE%95%E0%AE%B2%E0%AE%AE%E0%AF%8D,Talk:அட்டமங்கலம்,Talk:அட்டமங்கலம்
61,/wiki/Talk:%E0%AE%85%E0%AE%A9%E0%AE%A8%E0%AF%8D%E0%AE%A4%E0%AE%A8%E0%AE%BE%E0%AE%A4%E0%AE%B0%E0%AF%8D,Talk:அனந்தநாதர்,Talk:அனந்தநாதர்
62,/wiki/Talk:%E0%AE%85%E0%AE%A9%E0%AF%8D%E0%AE%AA%E0%AF%81%E0%AE%A8%E0%AE%BF%E0%AE%B2%E0%AF%88%E0%AE%AF%E0%AE%AE%E0%AF%8D_%E0%AE%85%E0%AE%B2%E0%AF%8D%E0%AE%B2%E0%AE%A4%E0%AF%81_%E0%AE%B5%E0%AE%BE%E0%AE%B4%E0%AF%81%E0%AE%AE%E0%AF%8D_%E0%AE%B5%E0%AE%95%E0%AF%88,Talk:அன்புநிலையம் அல்லது வாழும் வகை,Talk:அன்புநிலையம் அல்லது வாழும் வகை
63,/wiki/Talk:%E0%AE%85%E0%AE%AA%E0%AE%BF%E0%AE%A8%E0%AE%A8%E0%AF%8D%E0%AE%A4%E0%AE%A8%E0%AE%BE%E0%AE%A4%E0%AE%B0%E0%AF%8D,Talk:அபிநந்தநாதர்,Talk:அபிநந்தநாதர்
64,/wiki/Talk:%E0%AE%85%E0%AE%B0%E0%AE%9A%E0%AE%A9%E0%AF%8D_%E0%AE%9A%E0%AE%A3%E0%AF%8D%E0%AE%AE%E0%AF%81%E0%AE%95%E0%AE%A9%E0%AE%BE%E0%AE%B0%E0%AF%8D,Talk:அரசன் சண்முகனார்,Talk:அரசன் சண்முகனார்
65,/wiki/Talk:%E0%AE%85%E0%AE%B0%E0%AE%A8%E0%AE%BE%E0%AE%A4%E0%AE%B0%E0%AF%8D,Talk:அரநாதர்,Talk:அரநாதர்
66,/wiki/Talk:%E0%AE%85%E0%AE%B0%E0%AF%8D%E0%AE%9A%E0%AF%8D%E0%AE%9A%E0%AF%81%E0%AE%A9%E0%AE%A9%E0%AF%8D_%E0%AE%A4%E0%AE%AA%E0%AE%9A%E0%AF%81,Talk:அர்ச்சுனன் தபசு,Talk:அர்ச்சுனன் தபசு
67,/wiki/Talk:%E0%AE%85%E0%AE%B1%E0%AE%A8%E0%AF%8D%E0%AE%A4%E0%AF%88_%E0%AE%A8%E0%AE%BE%E0%AE%B0%E0%AE%BE%E0%AE%AF%E0%AE%A3%E0%AE%A9%E0%AF%8D,Talk:அறந்தை நாராயணன்,Talk:அறந்தை நாராயணன்
68,/wiki/Talk:%E0%AE%85%E0%AE%B1%E0%AE%AA%E0%AF%8D%E0%AE%AA%E0%AE%B3%E0%AF%80%E0%AE%9A%E0%AF%81%E0%AE%B0_%E0%AE%9A%E0%AE%A4%E0%AE%95%E0%AE%AE%E0%AF%8D,Talk:அறப்பளீசுர சதகம்,Talk:அறப்பளீசுர சதகம்
69,/wiki/Talk:%E0%AE%85%E0%AE%B4.%E0%AE%B5%E0%AE%B3%E0%AF%8D%E0%AE%B3%E0%AE%BF%E0%AE%AF%E0%AE%AA%E0%AF%8D%E0%AE%AA%E0%AE%BE,Talk:அழ.வள்ளியப்பா,Talk:அழ.வள்ளியப்பா
70,/wiki/Talk:%E0%AE%85%E0%AE%B4%E0%AE%BF%E0%AE%9A%E0%AE%BF_%E0%AE%A8%E0%AE%9A%E0%AF%8D%E0%AE%9A%E0%AE%BE%E0%AE%A4%E0%AF%8D%E0%AE%A4%E0%AE%A9%E0%AE%BE%E0%AE%B0%E0%AF%8D,Talk:அழிசி நச்சாத்தனார்,Talk:அழிசி நச்சாத்தனார்
71,/wiki/Talk:%E0%AE%86._%E0%AE%9A%E0%AE%BF%E0%AE%B5%E0%AE%9A%E0%AF%81%E0%AE%AA%E0%AF%8D%E0%AE%AA%E0%AE%BF%E0%AE%B0%E0%AE%AE%E0%AE%A3%E0%AE%BF%E0%AE%AF%E0%AE%A9%E0%AF%8D,Talk:ஆ. சிவசுப்பிரமணியன்,Talk:ஆ. சிவசுப்பிரமணியன்
72,/wiki/Talk:%E0%AE%86._%E0%AE%AE%E0%AF%81%E0%AE%A4%E0%AF%8D%E0%AE%A4%E0%AF%81%E0%AE%9A%E0%AE%BF%E0%AE%B5%E0%AE%A9%E0%AF%8D,Talk:ஆ. முத்துசிவன்,Talk:ஆ. முத்துசிவன்
73,/wiki/Talk:%E0%AE%86%E0%AE%A4%E0%AE%B2%E0%AF%88%E0%AE%AF%E0%AF%82%E0%AE%B0%E0%AF%8D_%E0%AE%9A%E0%AF%82%E0%AE%B0%E0%AE%BF%E0%AE%AF%E0%AE%95%E0%AF%81%E0%AE%AE%E0%AE%BE%E0%AE%B0%E0%AF%8D,Talk:ஆதலையூர் சூரியகுமார்,Talk:ஆதலையூர் சூரியகுமார்
74,/wiki/Talk:%E0%AE%86%E0%AE%B0%E0%AF%8B%E0%AE%95%E0%AF%8D%E0%AE%95%E0%AE%BF%E0%AE%AF_%E0%AE%A8%E0%AE%BF%E0%AE%95%E0%AF%87%E0%AE%A4%E0%AE%A9%E0%AE%AE%E0%AF%8D,Talk:ஆரோக்கிய நிகேதனம்,Talk:ஆரோக்கிய நிகேதனம்
75,/wiki/Talk:%E0%AE%86%E0%AE%B0%E0%AF%8D.%E0%AE%8E%E0%AE%B8%E0%AF%8D.%E0%AE%B0%E0%AE%BE%E0%AE%9C%E0%AE%B2%E0%AE%9F%E0%AF%8D%E0%AE%9A%E0%AF%81%E0%AE%AE%E0%AE%BF_%E0%AE%85%E0%AE%AE%E0%AF%8D%E0%AE%AE%E0%AE%BE%E0%AE%B3%E0%AF%8D,Talk:ஆர்.எஸ்.ராஜலட்சுமி அம்மாள்,Talk:ஆர்.எஸ்.ராஜலட்சுமி அம்மாள்
76,/wiki/Talk:%E0%AE%86%E0%AE%B1%E0%AF%81%E0%AE%AE%E0%AF%81%E0%AE%95_%E0%AE%89%E0%AE%AA%E0%AE%BE%E0%AE%A4%E0%AF%8D%E0%AE%A4%E0%AE%BF%E0%AE%AF%E0%AE%BE%E0%AE%AF%E0%AE%B0%E0%AF%8D,Talk:ஆறுமுக உபாத்தியாயர்,Talk:ஆறுமுக உபாத்தியாயர்
77,/wiki/Talk:%E0%AE%86%E0%AE%B1%E0%AF%81%E0%AE%AE%E0%AF%81%E0%AE%95_%E0%AE%A8%E0%AE%BE%E0%AE%B5%E0%AE%B2%E0%AE%B0%E0%AF%8D,Talk:ஆறுமுக நாவலர்,Talk:ஆறுமுக நாவலர்
78,/wiki/Talk:%E0%AE%86%E0%AE%B1%E0%AF%81%E0%AE%AE%E0%AF%81%E0%AE%95%E0%AE%AA%E0%AF%8D%E0%AE%AA%E0%AF%86%E0%AE%B0%E0%AF%81%E0%AE%AE%E0%AE%BE%E0%AE%B3%E0%AF%8D_%E0%AE%A8%E0%AE%BE%E0%AE%9F%E0%AE%BE%E0%AE%B0%E0%AF%8D,Talk:ஆறுமுகப்பெருமாள் நாடார்,Talk:ஆறுமுகப்பெருமாள் நாடார்
79,/wiki/Talk:%E0%AE%86%E0%AE%B1%E0%AF%8D%E0%AE%B1%E0%AF%81%E0%AE%AA%E0%AF%8D%E0%AE%AA%E0%AE%9F%E0%AF%88,Talk:ஆற்றுப்படை,Talk:ஆற்றுப்படை
80,/wiki/Talk:%E0%AE%86%E0%AE%B5%E0%AF%82%E0%AE%B0%E0%AF%8D_%E0%AE%95%E0%AE%BE%E0%AE%B5%E0%AE%BF%E0%AE%A4%E0%AE%BF%E0%AE%95%E0%AE%B3%E0%AF%8D_%E0%AE%9A%E0%AE%BE%E0%AE%A4%E0%AF%87%E0%AE%B5%E0%AE%A9%E0%AE%BE%E0%AE%B0%E0%AF%8D,Talk:ஆவூர் காவிதிகள் சாதேவனார்,Talk:ஆவூர் காவிதிகள் சாதேவனார்
81,/wiki/Talk:%E0%AE%87._%E0%AE%A8%E0%AE%BE%E0%AE%95%E0%AF%87%E0%AE%9A%E0%AF%88%E0%AE%AF%E0%AE%B0%E0%AF%8D,Talk:இ. நாகேசையர்,Talk:இ. நாகேசையர்
82,/wiki/Talk:%E0%AE%87%E0%AE%A8%E0%AF%8D%E0%AE%A4%E0%AF%81%E0%AE%AE%E0%AE%A4%E0%AE%BF,Talk:இந்துமதி,Talk:இந்துமதி
83,/wiki/Talk:%E0%AE%87%E0%AE%A9%E0%AF%8D%E0%AE%95%E0%AF%81%E0%AE%B2%E0%AE%BE%E0%AE%AA%E0%AF%8D,Talk:இன்குலாப்,Talk:இன்குலாப்
84,/wiki/Talk:%E0%AE%87%E0%AE%B0%E0%AE%9F%E0%AF%8D%E0%AE%9F%E0%AF%88%E0%AE%AA%E0%AF%8D_%E0%AE%AA%E0%AF%81%E0%AE%B2%E0%AE%B5%E0%AE%B0%E0%AF%8D%E0%AE%95%E0%AE%B3%E0%AF%8D,Talk:இரட்டைப் புலவர்கள்,Talk:இரட்டைப் புலவர்கள்
85,/wiki/Talk:%E0%AE%87%E0%AE%B0%E0%AE%BE._%E0%AE%87%E0%AE%B3%E0%AE%99%E0%AF%8D%E0%AE%95%E0%AF%81%E0%AE%AE%E0%AE%B0%E0%AE%A9%E0%AE%BE%E0%AE%B0%E0%AF%8D,Talk:இரா. இளங்குமரனார்,Talk:இரா. இளங்குமரனார்
86,/wiki/Talk:%E0%AE%87%E0%AE%B0%E0%AE%BE%E0%AE%AE._%E0%AE%9A%E0%AF%81%E0%AE%AA%E0%AF%8D%E0%AE%AA%E0%AF%88%E0%AE%AF%E0%AE%BE,Talk:இராம. சுப்பையா,Talk:இராம. சுப்பையா
87,/wiki/Talk:%E0%AE%87%E0%AE%B0%E0%AE%BE%E0%AE%AE%E0%AE%9A%E0%AE%BE%E0%AE%AE%E0%AE%BF_%E0%AE%90%E0%AE%AF%E0%AE%B0%E0%AF%8D,Talk:இராமசாமி ஐயர்,Talk:இராமசாமி ஐயர்
88,/wiki/Talk:%E0%AE%87%E0%AE%B0%E0%AE%BE%E0%AE%AE%E0%AE%9A%E0%AF%81%E0%AE%AA%E0%AF%8D%E0%AE%AA%E0%AE%BF%E0%AE%B0%E0%AE%AE%E0%AE%A3%E0%AE%BF%E0%AE%AF_%E0%AE%A8%E0%AE%BE%E0%AE%B5%E0%AE%B2%E0%AE%B0%E0%AF%8D,Talk:இராமசுப்பிரமணிய நாவலர்,Talk:இராமசுப்பிரமணிய நாவலர்
89,/wiki/Talk:%E0%AE%87%E0%AE%B0%E0%AE%BE%E0%AE%AE%E0%AE%B2%E0%AE%BF%E0%AE%99%E0%AF%8D%E0%AE%95%E0%AE%9A%E0%AF%8D_%E0%AE%9A%E0%AE%9F%E0%AF%8D%E0%AE%9F%E0%AE%AE%E0%AF%8D%E0%AE%AA%E0%AE%BF%E0%AE%AF%E0%AE%BE%E0%AE%B0%E0%AF%8D,Talk:இராமலிங்கச் சட்டம்பியார்,Talk:இராமலிங்கச் சட்டம்பியார்
90,/wiki/Talk:%E0%AE%87%E0%AE%B0%E0%AF%87%E0%AE%A9%E0%AE%BF%E0%AE%AF%E0%AE%B8%E0%AF%8D,Talk:இரேனியஸ்,Talk:இரேனியஸ்
91,/wiki/Talk:%E0%AE%87%E0%AE%B1%E0%AF%88%E0%AE%AF%E0%AE%A9%E0%AE%BE%E0%AE%B0%E0%AF%8D,Talk:இறையனார்,Talk:இறையனார்
92,/wiki/Talk:%E0%AE%87%E0%AE%B2%E0%AE%95%E0%AF%8D%E0%AE%95%E0%AF%81%E0%AE%B5%E0%AE%A9%E0%AE%BE%E0%AE%B0%E0%AF%8D,Talk:இலக்குவனார்,Talk:இலக்குவனார்
93,/wiki/Talk:%E0%AE%87%E0%AE%B5%E0%AE%BE%E0%AE%A9%E0%AF%8D_%E0%AE%95%E0%AE%BE%E0%AE%B0%E0%AF%8D%E0%AE%A4%E0%AF%8D%E0%AE%A4%E0%AE%BF%E0%AE%95%E0%AF%8D,Talk:இவான் கார்த்திக்,Talk:இவான் கார்த்திக்
94,/wiki/Talk:%E0%AE%89%E0%AE%A4%E0%AF%81%E0%AE%AE%E0%AE%BE%E0%AE%A9%E0%AF%8D_%E0%AE%B2%E0%AF%86%E0%AE%AA%E0%AF%8D%E0%AE%AA%E0%AF%88_%E0%AE%AE%E0%AE%B7%E0%AE%BE%E0%AE%AF%E0%AE%BF%E0%AE%95%E0%AF%8D,Talk:உதுமான் லெப்பை மஷாயிக்,Talk:உதுமான் லெப்பை மஷாயிக்
95,/wiki/Talk:%E0%AE%89%E0%AE%A9%E0%AF%8D%E0%AE%A9%E0%AE%A4%E0%AE%AE%E0%AF%8D,Talk:உன்னதம்,Talk:உன்னதம்
96,/wiki/Talk:%E0%AE%89%E0%AE%AE%E0%AE%B1%E0%AF%81%E0%AE%AA%E0%AF%8D%E0%AE%AA%E0%AF%81%E0%AE%B2%E0%AE%B5%E0%AE%B0%E0%AF%8D,Talk:உமறுப்புலவர்,Talk:உமறுப்புலவர்
97,/wiki/Talk:%E0%AE%89%E0%AE%AE%E0%AE%BE_%E0%AE%B5%E0%AE%B0%E0%AE%A4%E0%AE%B0%E0%AE%BE%E0%AE%9C%E0%AE%A9%E0%AF%8D,Talk:உமா வரதராஜன்,Talk:உமா வரதராஜன்
98,/wiki/Talk:%E0%AE%89%E0%AE%AF%E0%AE%BF%E0%AE%B0%E0%AF%8D%E0%AE%A4%E0%AF%8D%E0%AE%A4%E0%AF%87%E0%AE%A9%E0%AF%8D,Talk:உயிர்த்தேன்,Talk:உயிர்த்தேன்
99,/wiki/Talk:%E0%AE%89%E0%AE%B1%E0%AF%81%E0%AE%AE%E0%AE%BF,Talk:உறுமி,Talk:உறுமி
100,/wiki/Talk:%E0%AE%89%E0%AE%B2%E0%AE%95%E0%AE%A8%E0%AE%BE%E0%AE%A4%E0%AE%B0%E0%AF%8D,Talk:உலகநாதர்,Talk:உலகநாதர்
101,/wiki/Talk:%E0%AE%8A%E0%AE%B0%E0%AF%8D_%E0%AE%A8%E0%AF%87%E0%AE%B0%E0%AE%BF%E0%AE%9A%E0%AF%88,Talk:ஊர் நேரிசை,Talk:ஊர் நேரிசை
102,/wiki/Talk:%E0%AE%8A%E0%AE%B1%E0%AF%8D%E0%AE%B1%E0%AF%81%E0%AE%AE%E0%AE%B2%E0%AF%88_%E0%AE%87%E0%AE%B0%E0%AF%81%E0%AE%A4%E0%AE%AF%E0%AE%BE%E0%AE%B2%E0%AE%AF_%E0%AE%AE%E0%AE%B0%E0%AF%81%E0%AE%A4%E0%AE%AA%E0%AF%8D%E0%AE%AA_%E0%AE%A4%E0%AF%87%E0%AE%B5%E0%AE%B0%E0%AF%8D,Talk:ஊற்றுமலை இருதயாலய மருதப்ப தேவர்,Talk:ஊற்றுமலை இருதயாலய மருதப்ப தேவர்
103,/wiki/Talk:%E0%AE%8E%E0%AE%9A%E0%AF%8D.%E0%AE%8F._%E0%AE%95%E0%AE%BF%E0%AE%B0%E0%AF%81%E0%AE%B7%E0%AF%8D%E0%AE%A3_%E0%AE%AA%E0%AE%BF%E0%AE%B3%E0%AF%8D%E0%AE%B3%E0%AF%88,Talk:எச்.ஏ. கிருஷ்ண பிள்ளை,Talk:எச்.ஏ. கிருஷ்ண பிள்ளை
104,/wiki/Talk:%E0%AE%8E%E0%AE%9A%E0%AF%8D.%E0%AE%8F.%E0%AE%AA%E0%AE%BE%E0%AE%AA%E0%AF%8D%E0%AE%B2%E0%AE%BF,Talk:எச்.ஏ.பாப்லி,Talk:எச்.ஏ.பாப்லி
105,/wiki/Talk:%E0%AE%8E%E0%AE%A9%E0%AE%A4%E0%AF%81_%E0%AE%AA%E0%AE%B0%E0%AF%8D%E0%AE%AE%E0%AE%BE_%E0%AE%B5%E0%AE%B4%E0%AE%BF_%E0%AE%A8%E0%AE%9F%E0%AF%88%E0%AE%AA%E0%AF%8D_%E0%AE%AA%E0%AE%AF%E0%AE%A3%E0%AE%AE%E0%AF%8D,Talk:எனது பர்மா வழி நடைப் பயணம்,Talk:எனது பர்மா வழி நடைப் பயணம்
106,/wiki/Talk:%E0%AE%8E%E0%AE%A9%E0%AF%8D.%E0%AE%9A%E0%AF%8A%E0%AE%95%E0%AF%8D%E0%AE%95%E0%AE%A9%E0%AF%8D,Talk:என்.சொக்கன்,Talk:என்.சொக்கன்
107,/wiki/Talk:%E0%AE%8E%E0%AE%AE%E0%AF%8D._%E0%AE%8F._%E0%AE%9A%E0%AF%81%E0%AE%9A%E0%AF%80%E0%AE%B2%E0%AE%BE,Talk:எம். ஏ. சுசீலா,Talk:எம். ஏ. சுசீலா
108,/wiki/Talk:%E0%AE%8E%E0%AE%AE%E0%AF%8D._%E0%AE%8F._%E0%AE%A8%E0%AF%81%E0%AE%83%E0%AE%AE%E0%AE%BE%E0%AE%A9%E0%AF%8D,Talk:எம். ஏ. நுஃமான்,Talk:எம். ஏ. நுஃமான்
109,/wiki/Talk:%E0%AE%8E%E0%AE%AE%E0%AF%8D.%E0%AE%9A%E0%AE%BF.%E0%AE%AE%E0%AE%A4%E0%AF%81%E0%AE%B0%E0%AF%88%E0%AE%AA%E0%AF%8D_%E0%AE%AA%E0%AE%BF%E0%AE%B3%E0%AF%8D%E0%AE%B3%E0%AF%88,Talk:எம்.சி.மதுரைப் பிள்ளை,Talk:எம்.சி.மதுரைப் பிள்ளை
110,/wiki/Talk:%E0%AE%8E%E0%AE%AE%E0%AF%8D.%E0%AE%9A%E0%AE%BF.%E0%AE%B0%E0%AE%BE%E0%AE%9C%E0%AE%BE,Talk:எம்.சி.ராஜா,Talk:எம்.சி.ராஜா
111,/wiki/Talk:%E0%AE%8E%E0%AE%AE%E0%AF%8D.%E0%AE%9A%E0%AE%BF%E0%AE%B5%E0%AE%9A%E0%AF%81%E0%AE%AA%E0%AF%8D%E0%AE%B0%E0%AE%AE%E0%AE%A3%E0%AE%BF%E0%AE%AF%E0%AE%AE%E0%AF%8D,Talk:எம்.சிவசுப்ரமணியம்,Talk:எம்.சிவசுப்ரமணியம்
112,/wiki/Talk:%E0%AE%8E%E0%AE%AE%E0%AF%8D.%E0%AE%B5%E0%AE%BF._%E0%AE%B5%E0%AF%86%E0%AE%99%E0%AF%8D%E0%AE%95%E0%AE%9F%E0%AF%8D%E0%AE%B0%E0%AE%BE%E0%AE%AE%E0%AF%8D,Talk:எம்.வி. வெங்கட்ராம்,Talk:எம்.வி. வெங்கட்ராம்
113,/wiki/Talk:%E0%AE%8E%E0%AE%B8%E0%AF%8D._%E0%AE%85%E0%AE%AE%E0%AF%8D%E0%AE%AA%E0%AF%81%E0%AE%9C%E0%AE%AE%E0%AF%8D%E0%AE%AE%E0%AE%BE%E0%AE%B3%E0%AF%8D,Talk:எஸ். அம்புஜம்மாள்,Talk:எஸ். அம்புஜம்மாள்
114,/wiki/Talk:%E0%AE%8E%E0%AE%B8%E0%AF%8D.%E0%AE%8E%E0%AE%B2%E0%AF%8D.%E0%AE%B5%E0%AE%BF._%E0%AE%AE%E0%AF%82%E0%AE%B0%E0%AF%8D%E0%AE%A4%E0%AF%8D%E0%AE%A4%E0%AE%BF,Talk:எஸ்.எல்.வி. மூர்த்தி,Talk:எஸ்.எல்.வி. மூர்த்தி
115,/wiki/Talk:%E0%AE%8F.%E0%AE%AA%E0%AE%BF.%E0%AE%AA%E0%AF%86%E0%AE%B0%E0%AE%BF%E0%AE%AF%E0%AE%9A%E0%AE%BE%E0%AE%AE%E0%AE%BF_%E0%AE%AA%E0%AF%81%E0%AE%B2%E0%AE%B5%E0%AE%B0%E0%AF%8D,Talk:ஏ.பி.பெரியசாமி புலவர்,Talk:ஏ.பி.பெரியசாமி புலவர்
116,/wiki/Talk:%E0%AE%8F%E0%AE%B4%E0%AF%81_%E0%AE%95%E0%AE%A9%E0%AF%8D%E0%AE%A9%E0%AE%BF%E0%AE%AE%E0%AE%BE%E0%AE%B0%E0%AF%8D,Talk:ஏழு கன்னிமார்,Talk:ஏழு கன்னிமார்
117,/wiki/Talk:%E0%AE%90%E0%AE%9A%E0%AE%95%E0%AF%8D_%E0%AE%B9%E0%AF%86%E0%AE%A9%E0%AF%8D%E0%AE%B1%E0%AE%BF_%E0%AE%B9%E0%AE%95%E0%AF%8D%E0%AE%95%E0%AE%B0%E0%AF%8D,Talk:ஐசக் ஹென்றி ஹக்கர்,Talk:ஐசக் ஹென்றி ஹக்கர்
118,/wiki/Talk:%E0%AE%90%E0%AE%AF%E0%AE%AE%E0%AF%8D%E0%AE%AA%E0%AF%86%E0%AE%B0%E0%AF%81%E0%AE%AE%E0%AE%BE%E0%AE%B3%E0%AF%8D_%E0%AE%95%E0%AF%8B%E0%AE%A9%E0%AE%BE%E0%AE%B0%E0%AF%8D,Talk:ஐயம்பெருமாள் கோனார்,Talk:ஐயம்பெருமாள் கோனார்
119,/wiki/Talk:%E0%AE%92%E0%AE%B2%E0%AE%BF%E0%AE%AF%E0%AE%A8%E0%AF%8D%E0%AE%A4%E0%AE%BE%E0%AE%A4%E0%AE%BF,Talk:ஒலியந்தாதி,Talk:ஒலியந்தாதி
120,/wiki/Talk:%E0%AE%95._%E0%AE%85%E0%AE%A9%E0%AE%A8%E0%AF%8D%E0%AE%A4%E0%AE%9A%E0%AF%81%E0%AE%AA%E0%AF%8D%E0%AE%AA%E0%AF%88%E0%AE%AF%E0%AE%B0%E0%AF%8D,Talk:க. அனந்தசுப்பையர்,Talk:க. அனந்தசுப்பையர்
121,/wiki/Talk:%E0%AE%95._%E0%AE%87%E0%AE%B0%E0%AE%BE%E0%AE%AE%E0%AE%B2%E0%AE%BF%E0%AE%99%E0%AF%8D%E0%AE%95%E0%AE%AE%E0%AF%8D,Talk:க. இராமலிங்கம்,Talk:க. இராமலிங்கம்
122,/wiki/Talk:%E0%AE%95._%E0%AE%9A%E0%AF%81%E0%AE%AA%E0%AF%8D%E0%AE%AA%E0%AF%81_%E0%AE%90%E0%AE%AF%E0%AE%B0%E0%AF%8D,Talk:க. சுப்பு ஐயர்,Talk:க. சுப்பு ஐயர்
123,/wiki/Talk:%E0%AE%95.%E0%AE%A8%E0%AE%BE.%E0%AE%9A%E0%AF%81%E0%AE%AA%E0%AF%8D%E0%AE%B0%E0%AE%AE%E0%AE%A3%E0%AE%BF%E0%AE%AF%E0%AE%AE%E0%AF%8D,Talk:க.நா.சுப்ரமணியம்,Talk:க.நா.சுப்ரமணியம்
124,/wiki/Talk:%E0%AE%95%E0%AE%9F%E0%AE%B1%E0%AF%8D%E0%AE%95%E0%AE%B0%E0%AF%88%E0%AE%95%E0%AF%8D_%E0%AE%95%E0%AE%B5%E0%AE%BF%E0%AE%AF%E0%AE%B0%E0%AE%99%E0%AF%8D%E0%AE%95%E0%AE%AE%E0%AF%8D,Talk:கடற்கரைக் கவியரங்கம்,Talk:கடற்கரைக் கவியரங்கம்
125,/wiki/Talk:%E0%AE%95%E0%AE%A3%E0%AF%8D%E0%AE%AE%E0%AE%A3%E0%AE%BF_%E0%AE%95%E0%AF%81%E0%AE%A3%E0%AE%9A%E0%AF%87%E0%AE%95%E0%AE%B0%E0%AE%A9%E0%AF%8D,Talk:கண்மணி குணசேகரன்,Talk:கண்மணி குணசேகரன்
126,/wiki/Talk:%E0%AE%95%E0%AE%A8%E0%AF%8D%E0%AE%A4%E0%AE%B0%E0%AF%8D%E0%AE%B5%E0%AE%A9%E0%AF%8D,Talk:கந்தர்வன்,Talk:கந்தர்வன்
127,/wiki/Talk:%E0%AE%95%E0%AE%A9%E0%AE%B5%E0%AF%81%E0%AE%A4%E0%AF%8D%E0%AE%A4%E0%AF%8A%E0%AE%B4%E0%AE%BF%E0%AE%B1%E0%AF%8D%E0%AE%9A%E0%AE%BE%E0%AE%B2%E0%AF%88,Talk:கனவுத்தொழிற்சாலை,Talk:கனவுத்தொழிற்சாலை
128,/wiki/Talk:%E0%AE%95%E0%AE%AE%E0%AE%B2%E0%AE%A4%E0%AF%87%E0%AE%B5%E0%AE%BF,Talk:கமலதேவி,Talk:கமலதேவி
129,/wiki/Talk:%E0%AE%95%E0%AE%AE%E0%AE%B2%E0%AE%BE_%E0%AE%9A%E0%AE%9F%E0%AE%95%E0%AF%8B%E0%AE%AA%E0%AE%A9%E0%AF%8D,Talk:கமலா சடகோபன்,Talk:கமலா சடகோபன்
130,/wiki/Talk:%E0%AE%95%E0%AE%AE%E0%AE%B2%E0%AE%BE%E0%AE%AE%E0%AF%8D%E0%AE%AA%E0%AE%BE%E0%AE%B3%E0%AF%8D_%E0%AE%9A%E0%AE%B0%E0%AE%BF%E0%AE%A4%E0%AF%8D%E0%AE%A4%E0%AE%BF%E0%AE%B0%E0%AE%AE%E0%AF%8D,Talk:கமலாம்பாள் சரித்திரம்,Talk:கமலாம்பாள் சரித்திரம்
131,/wiki/Talk:%E0%AE%95%E0%AE%AE%E0%AF%8D%E0%AE%AA%E0%AE%A4%E0%AE%BE%E0%AE%9A%E0%AE%A9%E0%AF%8D,Talk:கம்பதாசன்,Talk:கம்பதாசன்
132,/wiki/Talk:%E0%AE%95%E0%AE%AE%E0%AF%8D%E0%AE%AA%E0%AE%A9%E0%AF%81%E0%AE%AE%E0%AF%8D_%E0%AE%AE%E0%AE%BF%E0%AE%B2%E0%AF%8D%E0%AE%9F%E0%AF%8D%E0%AE%9F%E0%AE%A9%E0%AF%81%E0%AE%AE%E0%AF%8D_%E0%AE%92%E0%AE%B0%E0%AF%81_%E0%AE%AA%E0%AF%81%E0%AE%A4%E0%AE%BF%E0%AE%AF_%E0%AE%AA%E0%AE%BE%E0%AE%B0%E0%AF%8D%E0%AE%B5%E0%AF%88,Talk:கம்பனும் மில்ட்டனும் ஒரு புதிய பார்வை,Talk:கம்பனும் மில்ட்டனும் ஒரு புதிய பார்வை
133,/wiki/Talk:%E0%AE%95%E0%AE%B2%E0%AF%8D%E0%AE%95%E0%AF%81%E0%AE%B3%E0%AE%AE%E0%AF%8D_%E0%AE%AE%E0%AE%95%E0%AE%BE%E0%AE%A4%E0%AF%87%E0%AE%B5%E0%AE%B0%E0%AF%8D_%E0%AE%86%E0%AE%B2%E0%AE%AF%E0%AE%AE%E0%AF%8D,Talk:கல்குளம் மகாதேவர் ஆலயம்,Talk:கல்குளம் மகாதேவர் ஆலயம்
134,/wiki/Talk:%E0%AE%95%E0%AE%B2%E0%AF%8D%E0%AE%B2%E0%AF%81%E0%AE%95%E0%AF%8D%E0%AE%95%E0%AF%81%E0%AE%B3%E0%AF%8D_%E0%AE%88%E0%AE%B0%E0%AE%AE%E0%AF%8D,Talk:கல்லுக்குள் ஈரம்,Talk:கல்லுக்குள் ஈரம்
135,/wiki/Talk:%E0%AE%95%E0%AE%B2%E0%AF%8D%E0%AE%B5%E0%AE%BF_%E0%AE%87%E0%AE%A4%E0%AE%B4%E0%AF%8D%E0%AE%95%E0%AE%B3%E0%AF%8D,Talk:கல்வி இதழ்கள்,Talk:கல்வி இதழ்கள்
136,/wiki/Talk:%E0%AE%95%E0%AE%BE.%E0%AE%9A%E0%AF%81%E0%AE%AA%E0%AF%8D%E0%AE%B0%E0%AE%AE%E0%AE%A3%E0%AE%BF%E0%AE%AF_%E0%AE%AA%E0%AE%BF%E0%AE%B3%E0%AF%8D%E0%AE%B3%E0%AF%88,Talk:கா.சுப்ரமணிய பிள்ளை,Talk:கா.சுப்ரமணிய பிள்ளை
137,/wiki/Talk:%E0%AE%95%E0%AE%BE.%E0%AE%B8%E0%AF%8D%E0%AE%B0%E0%AF%80.%E0%AE%B8%E0%AF%8D%E0%AE%B0%E0%AF%80,Talk:கா.ஸ்ரீ.ஸ்ரீ,Talk:கா.ஸ்ரீ.ஸ்ரீ
138,/wiki/Talk:%E0%AE%95%E0%AE%BE%E0%AE%AE%E0%AE%A9%E0%AF%8D,Talk:காமன்,Talk:காமன்
139,/wiki/Talk:%E0%AE%95%E0%AE%BF.%E0%AE%9A%E0%AE%A8%E0%AF%8D%E0%AE%A4%E0%AE%BF%E0%AE%B0%E0%AE%9A%E0%AF%87%E0%AE%95%E0%AE%B0%E0%AE%A9%E0%AF%8D,Talk:கி.சந்திரசேகரன்,Talk:கி.சந்திரசேகரன்
140,/wiki/Talk:%E0%AE%95%E0%AE%BF.%E0%AE%9A%E0%AE%BE%E0%AE%B5%E0%AE%BF%E0%AE%A4%E0%AF%8D%E0%AE%B0%E0%AE%BF_%E0%AE%85%E0%AE%AE%E0%AF%8D%E0%AE%AE%E0%AE%BE%E0%AE%B3%E0%AF%8D,Talk:கி.சாவித்ரி அம்மாள்,Talk:கி.சாவித்ரி அம்மாள்
141,/wiki/Talk:%E0%AE%95%E0%AF%80%E0%AE%B4%E0%AF%8D%E0%AE%9A%E0%AE%BE%E0%AE%A4%E0%AF%8D%E0%AE%A4%E0%AE%AE%E0%AE%99%E0%AF%8D%E0%AE%95%E0%AE%B2%E0%AE%AE%E0%AF%8D_%E0%AE%9A%E0%AE%A8%E0%AF%8D%E0%AE%A4%E0%AE%BF%E0%AE%B0%E0%AE%A8%E0%AE%BE%E0%AE%A4%E0%AE%B0%E0%AF%8D_%E0%AE%95%E0%AF%8B%E0%AE%AF%E0%AE%BF%E0%AE%B2%E0%AF%8D,Talk:கீழ்சாத்தமங்கலம் சந்திரநாதர் கோயில்,Talk:கீழ்சாத்தமங்கலம் சந்திரநாதர் கோயில்
142,/wiki/Talk:%E0%AE%95%E0%AF%81._%E0%AE%85%E0%AE%B4%E0%AE%95%E0%AE%BF%E0%AE%B0%E0%AE%BF%E0%AE%9A%E0%AE%BE%E0%AE%AE%E0%AE%BF,Talk:கு. அழகிரிசாமி,Talk:கு. அழகிரிசாமி
143,/wiki/Talk:%E0%AE%95%E0%AF%81._%E0%AE%95%E0%AE%A4%E0%AE%BF%E0%AE%B0%E0%AE%B5%E0%AF%87%E0%AE%B1%E0%AF%8D%E0%AE%AA%E0%AE%BF%E0%AE%B3%E0%AF%8D%E0%AE%B3%E0%AF%88,Talk:கு. கதிரவேற்பிள்ளை,Talk:கு. கதிரவேற்பிள்ளை
144,/wiki/Talk:%E0%AE%95%E0%AF%81.%E0%AE%B0%E0%AE%BE%E0%AE%9C%E0%AE%B5%E0%AF%87%E0%AE%B2%E0%AF%81,Talk:கு.ராஜவேலு,Talk:கு.ராஜவேலு
145,/wiki/Talk:%E0%AE%95%E0%AF%81%E0%AE%AE%E0%AE%BE%E0%AE%B0%E0%AE%9A%E0%AF%81%E0%AE%B5%E0%AE%BE%E0%AE%AE%E0%AE%BF_%E0%AE%AE%E0%AF%81%E0%AE%A4%E0%AE%B2%E0%AE%BF%E0%AE%AF%E0%AE%BE%E0%AE%B0%E0%AF%8D,Talk:குமாரசுவாமி முதலியார்,Talk:குமாரசுவாமி முதலியார்
146,/wiki/Talk:%E0%AE%95%E0%AF%87._%E0%AE%A4%E0%AE%AE%E0%AF%8D%E0%AE%AA%E0%AF%81%E0%AE%9A%E0%AE%BE%E0%AE%AE%E0%AE%BF_%E0%AE%AA%E0%AE%BF%E0%AE%B3%E0%AF%8D%E0%AE%B3%E0%AF%88,Talk:கே. தம்புசாமி பிள்ளை,Talk:கே. தம்புசாமி பிள்ளை
147,/wiki/Talk:%E0%AE%95%E0%AF%8A%E0%AE%9F%E0%AE%BF%E0%AE%AF%E0%AF%82%E0%AE%B0%E0%AF%8D%E0%AE%95%E0%AE%BF%E0%AE%B4%E0%AE%BE%E0%AE%B0%E0%AF%8D_%E0%AE%AE%E0%AE%95%E0%AE%A9%E0%AE%BE%E0%AE%B0%E0%AF%8D_%E0%AE%A8%E0%AF%86%E0%AE%AF%E0%AF%8D%E0%AE%A4%E0%AE%B2%E0%AF%8D_%E0%AE%A4%E0%AE%A4%E0%AF%8D%E0%AE%A4%E0%AE%A9%E0%AE%BE%E0%AE%B0%E0%AF%8D,Talk:கொடியூர்கிழார் மகனார் நெய்தல் தத்தனார்,Talk:கொடியூர்கிழார் மகனார் நெய்தல் தத்தனார்
148,/wiki/Talk:%E0%AE%95%E0%AF%8B%E0%AE%AA%E0%AE%BE%E0%AE%B2%E0%AE%95%E0%AE%BF%E0%AE%B0%E0%AF%81%E0%AE%B7%E0%AF%8D%E0%AE%A3_%E0%AE%AA%E0%AE%BE%E0%AE%B0%E0%AE%A4%E0%AE%BF,Talk:கோபாலகிருஷ்ண பாரதி,Talk:கோபாலகிருஷ்ண பாரதி
149,/wiki/Talk:%E0%AE%95%E0%AF%8D%E0%AE%B7%E0%AF%87%E0%AE%A4%E0%AF%8D%E0%AE%B0%E0%AE%95%E0%AF%8D%E0%AE%9E%E0%AE%B0%E0%AF%8D,Talk:க்ஷேத்ரக்ஞர்,Talk:க்ஷேத்ரக்ஞர்
150,/wiki/Talk:%E0%AE%9A._%E0%AE%87%E0%AE%B0%E0%AE%BE%E0%AE%AE%E0%AE%B2%E0%AE%BF%E0%AE%99%E0%AF%8D%E0%AE%95_%E0%AE%90%E0%AE%AF%E0%AE%B0%E0%AF%8D,Talk:ச. இராமலிங்க ஐயர்,Talk:ச. இராமலிங்க ஐயர்
151,/wiki/Talk:%E0%AE%9A._%E0%AE%A4%E0%AE%BF%E0%AE%B0%E0%AF%81%E0%AE%AE%E0%AE%B2%E0%AF%88%E0%AE%B5%E0%AF%87%E0%AE%B1%E0%AF%8D_%E0%AE%95%E0%AE%B5%E0%AE%BF%E0%AE%B0%E0%AE%BE%E0%AE%AF%E0%AE%B0%E0%AF%8D,Talk:ச. திருமலைவேற் கவிராயர்,Talk:ச. திருமலைவேற் கவிராயர்
152,/wiki/Talk:%E0%AE%9A._%E0%AE%AE%E0%AF%86%E0%AE%AF%E0%AF%8D%E0%AE%AF%E0%AE%AA%E0%AF%8D%E0%AE%AA%E0%AE%A9%E0%AF%8D,Talk:ச. மெய்யப்பன்,Talk:ச. மெய்யப்பன்
153,/wiki/Talk:%E0%AE%9A%E0%AE%95%E0%AF%8D%E0%AE%A4%E0%AE%BF_%E0%AE%9C%E0%AF%8B%E0%AE%A4%E0%AE%BF,Talk:சக்தி ஜோதி,Talk:சக்தி ஜோதி
154,/wiki/Talk:%E0%AE%9A%E0%AE%9F%E0%AF%8D%E0%AE%9F%E0%AE%A8%E0%AE%BE%E0%AE%A4%E0%AE%A9%E0%AF%8D,Talk:சட்டநாதன்,Talk:சட்டநாதன்
155,/wiki/Talk:%E0%AE%9A%E0%AE%AE%E0%AF%8D%E0%AE%AA%E0%AE%B5%E0%AE%A8%E0%AE%BE%E0%AE%A4%E0%AE%B0%E0%AF%8D,Talk:சம்பவநாதர்,Talk:சம்பவநாதர்
156,/wiki/Talk:%E0%AE%9A%E0%AE%B5%E0%AF%81%E0%AE%A8%E0%AF%8D%E0%AE%A4%E0%AE%B0%E0%AE%A8%E0%AE%BE%E0%AE%AF%E0%AE%95%E0%AE%AE%E0%AF%8D%E0%AE%AA%E0%AE%BF%E0%AE%B3%E0%AF%8D%E0%AE%B3%E0%AF%88,Talk:சவுந்தரநாயகம்பிள்ளை,Talk:சவுந்தரநாயகம்பிள்ளை
157,/wiki/Talk:%E0%AE%9A%E0%AE%BE.%E0%AE%95%E0%AE%A8%E0%AF%8D%E0%AE%A4%E0%AE%9A%E0%AE%BE%E0%AE%AE%E0%AE%BF,Talk:சா.கந்தசாமி,Talk:சா.கந்தசாமி
158,/wiki/Talk:%E0%AE%9A%E0%AE%BF.%E0%AE%86%E0%AE%B0%E0%AF%8D._%E0%AE%B0%E0%AE%B5%E0%AF%80%E0%AE%A8%E0%AF%8D%E0%AE%A4%E0%AE%BF%E0%AE%B0%E0%AE%A9%E0%AF%8D,Talk:சி.ஆர். ரவீந்திரன்,Talk:சி.ஆர். ரவீந்திரன்
159,/wiki/Talk:%E0%AE%9A%E0%AE%BF.%E0%AE%95%E0%AF%87._%E0%AE%9A%E0%AF%81%E0%AE%AA%E0%AF%8D%E0%AE%AA%E0%AE%BF%E0%AE%B0%E0%AE%AE%E0%AE%A3%E0%AE%BF%E0%AE%AF_%E0%AE%AE%E0%AF%81%E0%AE%A4%E0%AE%B2%E0%AE%BF%E0%AE%AF%E0%AE%BE%E0%AE%B0%E0%AF%8D,Talk:சி.கே. சுப்பிரமணிய முதலியார்,Talk:சி.கே. சுப்பிரமணிய முதலியார்
160,/wiki/Talk:%E0%AE%9A%E0%AE%BF.%E0%AE%AE%E0%AE%A3%E0%AE%BF,Talk:சி.மணி,Talk:சி.மணி
161,/wiki/Talk:%E0%AE%9A%E0%AE%BF.%E0%AE%B5%E0%AE%BF.%E0%AE%B5%E0%AF%87%E0%AE%B2%E0%AF%81%E0%AE%AA%E0%AF%8D%E0%AE%AA%E0%AE%BF%E0%AE%B3%E0%AF%8D%E0%AE%B3%E0%AF%88,Talk:சி.வி.வேலுப்பிள்ளை,Talk:சி.வி.வேலுப்பிள்ளை
162,/wiki/Talk:%E0%AE%9A%E0%AE%BF.%E0%AE%B5%E0%AF%80._%E0%AE%95%E0%AF%81%E0%AE%AA%E0%AF%8D%E0%AE%AA%E0%AF%81%E0%AE%9A%E0%AE%BE%E0%AE%AE%E0%AE%BF,Talk:சி.வீ. குப்புசாமி,Talk:சி.வீ. குப்புசாமி
163,/wiki/Talk:%E0%AE%9A%E0%AE%BF.%E0%AE%B5%E0%AF%88._%E0%AE%9A%E0%AE%BF%E0%AE%A9%E0%AF%8D%E0%AE%A9%E0%AE%AA%E0%AF%8D%E0%AE%AA%E0%AE%AA%E0%AE%BF%E0%AE%B3%E0%AF%8D%E0%AE%B3%E0%AF%88,Talk:சி.வை. சின்னப்பபிள்ளை,Talk:சி.வை. சின்னப்பபிள்ளை
164,/wiki/Talk:%E0%AE%9A%E0%AE%BF%E0%AE%99%E0%AF%8D%E0%AE%95%E0%AF%88_%E0%AE%A8%E0%AF%87%E0%AE%9A%E0%AE%A9%E0%AF%8D,Talk:சிங்கை நேசன்,Talk:சிங்கை நேசன்
165,/wiki/Talk:%E0%AE%9A%E0%AE%BF%E0%AE%B5%E0%AE%95%E0%AF%81%E0%AE%AE%E0%AE%BE%E0%AE%B0%E0%AF%8D_%E0%AE%AE%E0%AF%81%E0%AE%A4%E0%AF%8D%E0%AE%A4%E0%AE%AF%E0%AF%8D%E0%AE%AF%E0%AE%BE,Talk:சிவகுமார் முத்தய்யா,Talk:சிவகுமார் முத்தய்யா
166,/wiki/Talk:%E0%AE%9A%E0%AF%81._%E0%AE%86%E0%AE%B1%E0%AF%81%E0%AE%AE%E0%AF%81%E0%AE%95%E0%AE%AE%E0%AF%8D,Talk:சு. ஆறுமுகம்,Talk:சு. ஆறுமுகம்
167,/wiki/Talk:%E0%AE%9A%E0%AF%81%E0%AE%A8%E0%AF%8D%E0%AE%A4%E0%AE%B0_%E0%AE%B0%E0%AE%BE%E0%AE%AE%E0%AE%9A%E0%AE%BE%E0%AE%AE%E0%AE%BF,Talk:சுந்தர ராமசாமி,Talk:சுந்தர ராமசாமி
168,/wiki/Talk:%E0%AE%9A%E0%AF%81%E0%AE%AA._%E0%AE%A8%E0%AE%BE%E0%AE%B0%E0%AE%BE%E0%AE%AF%E0%AE%A3%E0%AE%A9%E0%AF%8D,Talk:சுப. நாராயணன்,Talk:சுப. நாராயணன்
169,/wiki/Talk:%E0%AE%9A%E0%AF%81%E0%AE%AE%E0%AE%A4%E0%AE%BF_%E0%AE%B0%E0%AE%BE%E0%AE%AE%E0%AE%9A%E0%AE%BE%E0%AE%AE%E0%AE%BF,Talk:சுமதி ராமசாமி,Talk:சுமதி ராமசாமி
170,/wiki/Talk:%E0%AE%9A%E0%AF%81%E0%AE%B5%E0%AE%BE%E0%AE%A4%E0%AE%BF%E0%AE%A4%E0%AF%8D_%E0%AE%A4%E0%AE%BF%E0%AE%B0%E0%AF%81%E0%AE%A8%E0%AE%BE%E0%AE%B3%E0%AF%8D_%E0%AE%B0%E0%AE%BE%E0%AE%AE_%E0%AE%B5%E0%AE%B0%E0%AF%8D%E0%AE%AE%E0%AE%BE,Talk:சுவாதித் திருநாள் ராம வர்மா,Talk:சுவாதித் திருநாள் ராம வர்மா
171,/wiki/Talk:%E0%AE%9A%E0%AF%81%E0%AE%B5%E0%AE%BE%E0%AE%AE%E0%AE%BF_%E0%AE%B5%E0%AE%BF%E0%AE%AA%E0%AF%81%E0%AE%B2%E0%AE%BE%E0%AE%A9%E0%AE%A8%E0%AF%8D%E0%AE%A4%E0%AE%B0%E0%AF%8D,Talk:சுவாமி விபுலானந்தர்,Talk:சுவாமி விபுலானந்தர்
172,/wiki/Talk:%E0%AE%9A%E0%AF%82%E0%AE%9A%E0%AE%A9%E0%AF%8D%E0%AE%A9%E0%AE%BE_%E0%AE%8E%E0%AE%AE%E0%AE%BF%E0%AE%B2%E0%AE%BF%E0%AE%AF%E0%AE%BE_%E0%AE%86%E0%AE%9F%E0%AE%BF%E0%AE%B8%E0%AF%8D,Talk:சூசன்னா எமிலியா ஆடிஸ்,Talk:சூசன்னா எமிலியா ஆடிஸ்
173,/wiki/Talk:%E0%AE%9A%E0%AF%82%E0%AE%A9%E0%AE%BE%E0%AE%B0%E0%AF%8D,Talk:சூனார்,Talk:சூனார்
174,/wiki/Talk:%E0%AE%9A%E0%AF%82%E0%AE%B0%E0%AE%BF%E0%AE%AF%E0%AE%A9%E0%AE%BE%E0%AE%B0%E0%AF%8D%E0%AE%95%E0%AF%8B%E0%AE%B5%E0%AE%BF%E0%AE%B2%E0%AF%8D_%E0%AE%A8%E0%AE%BE%E0%AE%B0%E0%AE%BE%E0%AE%AF%E0%AE%A3%E0%AE%B8%E0%AF%8D%E0%AE%B5%E0%AE%BE%E0%AE%AE%E0%AE%BF_%E0%AE%AA%E0%AE%BF%E0%AE%B3%E0%AF%8D%E0%AE%B3%E0%AF%88,Talk:சூரியனார்கோவில் நாராயணஸ்வாமி பிள்ளை,Talk:சூரியனார்கோவில் நாராயணஸ்வாமி பிள்ளை
175,/wiki/Talk:%E0%AE%9A%E0%AF%86.%E0%AE%B5%E0%AF%88.%E0%AE%9A%E0%AE%A3%E0%AF%8D%E0%AE%AE%E0%AF%81%E0%AE%95%E0%AE%AE%E0%AF%8D,Talk:செ.வை.சண்முகம்,Talk:செ.வை.சண்முகம்
176,/wiki/Talk:%E0%AE%9A%E0%AF%86%E0%AE%AE%E0%AF%8D%E0%AE%AA%E0%AE%B0%E0%AF%81%E0%AE%A4%E0%AF%8D%E0%AE%A4%E0%AE%BF_(%E0%AE%A8%E0%AE%BE%E0%AE%B5%E0%AE%B2%E0%AF%8D),Talk:செம்பருத்தி (நாவல்),Talk:செம்பருத்தி (நாவல்)
177,/wiki/Talk:%E0%AE%9A%E0%AF%86%E0%AE%AF%E0%AF%8D%E0%AE%95%E0%AF%81_%E0%AE%AE%E0%AE%A4%E0%AE%BE%E0%AE%B1%E0%AF%81_%E0%AE%9A%E0%AE%BE%E0%AE%95%E0%AE%BF%E0%AE%AA%E0%AF%8D_%E0%AE%AA%E0%AF%81%E0%AE%B2%E0%AE%B5%E0%AE%B0%E0%AF%8D,Talk:செய்கு மதாறு சாகிப் புலவர்,Talk:செய்கு மதாறு சாகிப் புலவர்
178,/wiki/Talk:%E0%AE%9A%E0%AF%86%E0%AE%B2%E0%AF%8D%E0%AE%B5%E0%AE%95%E0%AF%8D%E0%AE%95%E0%AF%87%E0%AE%9A%E0%AE%B5%E0%AE%B0%E0%AE%BE%E0%AE%AF_%E0%AE%AE%E0%AF%81%E0%AE%A4%E0%AE%B2%E0%AE%BF%E0%AE%AF%E0%AE%BE%E0%AE%B0%E0%AF%8D,Talk:செல்வக்கேசவராய முதலியார்,Talk:செல்வக்கேசவராய முதலியார்
179,/wiki/Talk:%E0%AE%9A%E0%AF%87_%E0%AE%B5%E0%AF%8B%E0%AE%99%E0%AF%8D_(%E0%AE%A4%E0%AF%80%E0%AE%AA%E0%AE%95%E0%AE%B1%E0%AF%8D%E0%AE%AA_%E0%AE%AE%E0%AE%B2%E0%AF%87%E0%AE%9A%E0%AE%BF%E0%AE%AF%E0%AE%BE%E0%AE%B5%E0%AE%BF%E0%AE%A9%E0%AF%8D_%E0%AE%AA%E0%AE%B4%E0%AE%99%E0%AF%8D%E0%AE%95%E0%AF%81%E0%AE%9F%E0%AE%BF),Talk:சே வோங் (தீபகற்ப மலேசியாவின் பழங்குடி),Talk:சே வோங் (தீபகற்ப மலேசியாவின் பழங்குடி)
180,/wiki/Talk:%E0%AE%9A%E0%AF%87%E0%AE%B0%E0%AE%AE%E0%AE%BE%E0%AE%A9%E0%AF%86%E0%AE%A8%E0%AF%8D%E0%AE%A4%E0%AF%88,Talk:சேரமானெந்தை,Talk:சேரமானெந்தை
181,/wiki/Talk:%E0%AE%9A%E0%AF%87%E0%AE%B0%E0%AE%AE%E0%AE%BE%E0%AE%A9%E0%AF%8D_%E0%AE%87%E0%AE%B3%E0%AE%99%E0%AF%8D%E0%AE%95%E0%AF%81%E0%AE%9F%E0%AF%8D%E0%AE%9F%E0%AF%81%E0%AE%B5%E0%AE%A9%E0%AF%8D,Talk:சேரமான் இளங்குட்டுவன்,Talk:சேரமான் இளங்குட்டுவன்
182,/wiki/Talk:%E0%AE%9A%E0%AF%87%E0%AE%B0%E0%AE%AE%E0%AE%BE%E0%AE%A9%E0%AF%8D_%E0%AE%95%E0%AE%A3%E0%AF%88%E0%AE%95%E0%AF%8D%E0%AE%95%E0%AE%BE%E0%AE%B2%E0%AF%8D_%E0%AE%87%E0%AE%B0%E0%AF%81%E0%AE%AE%E0%AF%8D%E0%AE%AA%E0%AF%8A%E0%AE%B1%E0%AF%88,Talk:சேரமான் கணைக்கால் இரும்பொறை,Talk:சேரமான் கணைக்கால் இரும்பொறை
183,/wiki/Talk:%E0%AE%9A%E0%AF%8B%E0%AE%B2%E0%AF%88_%E0%AE%9A%E0%AF%81%E0%AE%A8%E0%AF%8D%E0%AE%A4%E0%AE%B0%E0%AE%AA%E0%AF%86%E0%AE%B0%E0%AF%81%E0%AE%AE%E0%AE%BE%E0%AE%B3%E0%AF%8D,Talk:சோலை சுந்தரபெருமாள்,Talk:சோலை சுந்தரபெருமாள்
184,/wiki/Talk:%E0%AE%9C%E0%AE%B9%E0%AE%BE%E0%AE%AF%E0%AF%8D,Talk:ஜஹாய்,Talk:ஜஹாய்
185,/wiki/Talk:%E0%AE%9C%E0%AE%BE%E0%AE%A9%E0%AF%8D_%E0%AE%B2%E0%AF%8B,Talk:ஜான் லோ,Talk:ஜான் லோ
186,/wiki/Talk:%E0%AE%9C%E0%AE%BF.%E0%AE%95%E0%AF%81%E0%AE%AA%E0%AF%8D%E0%AE%AA%E0%AF%81%E0%AE%9A%E0%AE%BE%E0%AE%AE%E0%AE%BF,Talk:ஜி.குப்புசாமி,Talk:ஜி.குப்புசாமி
187,/wiki/Talk:%E0%AE%9E%E0%AE%BE%E0%AE%A9%E0%AE%AA%E0%AF%8D%E0%AE%AA%E0%AE%BF%E0%AE%B0%E0%AE%95%E0%AE%BE%E0%AE%9A_%E0%AE%B5%E0%AE%B3%E0%AF%8D%E0%AE%B3%E0%AE%B2%E0%AE%BE%E0%AE%B0%E0%AF%8D,Talk:ஞானப்பிரகாச வள்ளலார்,Talk:ஞானப்பிரகாச வள்ளலார்
188,/wiki/Talk:%E0%AE%9F%E0%AE%BF.%E0%AE%AA%E0%AE%BF.%E0%AE%B0%E0%AE%BE%E0%AE%9C%E0%AE%B2%E0%AE%9F%E0%AF%8D%E0%AE%9A%E0%AF%81%E0%AE%AE%E0%AE%BF,Talk:டி.பி.ராஜலட்சுமி,Talk:டி.பி.ராஜலட்சுமி
189,/wiki/Talk:%E0%AE%A4%E0%AE%A9%E0%AF%81%E0%AE%B7%E0%AF%8D%E0%AE%95%E0%AF%8B%E0%AE%9F%E0%AE%BF_%E0%AE%B0%E0%AE%BE%E0%AE%AE%E0%AE%9A%E0%AE%BE%E0%AE%AE%E0%AE%BF,Talk:தனுஷ்கோடி ராமசாமி,Talk:தனுஷ்கோடி ராமசாமி
190,/wiki/Talk:%E0%AE%A4%E0%AE%AE%E0%AE%BF%E0%AE%B4%E0%AF%8D%E0%AE%AA%E0%AF%8D_%E0%AE%AA%E0%AF%81%E0%AE%B2%E0%AE%B5%E0%AE%B0%E0%AF%8D_%E0%AE%85%E0%AE%95%E0%AE%B0%E0%AE%B5%E0%AE%B0%E0%AE%BF%E0%AE%9A%E0%AF%88,Talk:தமிழ்ப் புலவர் அகரவரிசை,Talk:தமிழ்ப் புலவர் அகரவரிசை
191,/wiki/Talk:%E0%AE%A4%E0%AE%AE%E0%AF%8D%E0%AE%AA%E0%AE%BF,Talk:தம்பி,Talk:தம்பி
192,/wiki/Talk:%E0%AE%A4%E0%AE%BE%E0%AE%B2%E0%AE%BF%E0%AE%AA%E0%AE%B0%E0%AF%8D%E0%AE%A4%E0%AF%8D%E0%AE%A4%E0%AE%BF_%E0%AE%AA%E0%AE%BF%E0%AE%9A%E0%AF%8D%E0%AE%9A%E0%AE%B9%E0%AE%B0%E0%AE%BF,Talk:தாலிபர்த்தி பிச்சஹரி,Talk:தாலிபர்த்தி பிச்சஹரி
193,/wiki/Talk:%E0%AE%A4%E0%AE%BF.%E0%AE%95.%E0%AE%9A%E0%AE%BF%E0%AE%B5%E0%AE%9A%E0%AE%99%E0%AF%8D%E0%AE%95%E0%AE%B0%E0%AE%A9%E0%AF%8D,Talk:தி.க.சிவசங்கரன்,Talk:தி.க.சிவசங்கரன்
194,/wiki/Talk:%E0%AE%A4%E0%AE%BF%E0%AE%B0%E0%AF%81%E0%AE%AA%E0%AF%8D%E0%AE%AA%E0%AE%A9%E0%AF%8D%E0%AE%A9%E0%AE%BF%E0%AE%AA%E0%AF%8D%E0%AE%AA%E0%AE%BE%E0%AE%95%E0%AE%AE%E0%AF%8D_%E0%AE%95%E0%AE%BE%E0%AE%9F%E0%AF%8D%E0%AE%9F%E0%AE%BE%E0%AE%B3%E0%AF%88%E0%AE%95%E0%AF%8D_%E0%AE%95%E0%AF%8B%E0%AE%B5%E0%AE%BF%E0%AE%B2%E0%AF%8D,Talk:திருப்பன்னிப்பாகம் காட்டாளைக் கோவில்,Talk:திருப்பன்னிப்பாகம் காட்டாளைக் கோவில்
195,/wiki/Talk:%E0%AE%A4%E0%AE%BF%E0%AE%B0%E0%AF%81%E0%AE%B5%E0%AF%86%E0%AE%A3%E0%AF%8D%E0%AE%95%E0%AE%BE%E0%AE%9F%E0%AF%81_%E0%AE%9A%E0%AF%81%E0%AE%AA%E0%AF%8D%E0%AE%AA%E0%AE%BF%E0%AE%B0%E0%AE%AE%E0%AE%A3%E0%AE%BF%E0%AE%AF_%E0%AE%AA%E0%AE%BF%E0%AE%B3%E0%AF%8D%E0%AE%B3%E0%AF%88,Talk:திருவெண்காடு சுப்பிரமணிய பிள்ளை,Talk:திருவெண்காடு சுப்பிரமணிய பிள்ளை
196,/wiki/Talk:%E0%AE%A4%E0%AF%86%E0%AE%B3%E0%AE%BF%E0%AE%B5%E0%AE%A4%E0%AF%8D%E0%AE%A4%E0%AF%88_%E0%AE%9C%E0%AF%8B%E0%AE%9A%E0%AE%AA%E0%AF%8D,Talk:தெளிவத்தை ஜோசப்,Talk:தெளிவத்தை ஜோசப்
197,/wiki/Talk:%E0%AE%A4%E0%AF%87%E0%AE%9A%E0%AE%AA%E0%AE%95%E0%AF%8D%E0%AE%A4%E0%AE%A9%E0%AF%8D_%E0%AE%95%E0%AE%A8%E0%AF%8D%E0%AE%A4%E0%AE%A9%E0%AF%8D,Talk:தேசபக்தன் கந்தன்,Talk:தேசபக்தன் கந்தன்
198,/wiki/Talk:%E0%AE%A4%E0%AF%8A.%E0%AE%AE%E0%AF%81.%E0%AE%9A%E0%AE%BF._%E0%AE%B0%E0%AE%95%E0%AF%81%E0%AE%A8%E0%AE%BE%E0%AE%A4%E0%AE%A9%E0%AF%8D,Talk:தொ.மு.சி. ரகுநாதன்,Talk:தொ.மு.சி. ரகுநாதன்
199,/wiki/Talk:%E0%AE%A4%E0%AF%8A%E0%AE%B2%E0%AF%8D%E0%AE%95%E0%AE%BE%E0%AE%AA%E0%AF%8D%E0%AE%AA%E0%AE%BF%E0%AE%AF_%E0%AE%AA%E0%AE%A4%E0%AE%BF%E0%AE%AA%E0%AF%8D%E0%AE%AA%E0%AF%81%E0%AE%95%E0%AE%B3%E0%AF%8D,Talk:தொல்காப்பிய பதிப்புகள்,Talk:தொல்காப்பிய பதிப்புகள்
200,/wiki/Talk:%E0%AE%A4%E0%AF%8A%E0%AE%B2%E0%AF%8D%E0%AE%95%E0%AE%BE%E0%AE%AA%E0%AF%8D%E0%AE%AA%E0%AE%BF%E0%AE%AF%E0%AE%B0%E0%AF%8D_%E0%AE%95%E0%AE%BE%E0%AE%B2%E0%AE%AE%E0%AF%8D,Talk:தொல்காப்பியர் காலம்,Talk:தொல்காப்பியர் காலம்
201,/wiki/Talk:%E0%AE%A8.%E0%AE%AA%E0%AE%B4%E0%AE%A8%E0%AE%BF%E0%AE%B5%E0%AF%87%E0%AE%B2%E0%AF%81,Talk:ந.பழநிவேலு,Talk:ந.பழநிவேலு
202,/wiki/Talk:%E0%AE%A8%E0%AE%A8%E0%AF%8D%E0%AE%A4%E0%AE%B5%E0%AE%A9%E0%AE%AE%E0%AF%8D,Talk:நந்தவனம்,Talk:நந்தவனம்
203,/wiki/Talk:%E0%AE%A8%E0%AE%B3%E0%AE%B5%E0%AF%86%E0%AE%A3%E0%AF%8D%E0%AE%AA%E0%AE%BE,Talk:நளவெண்பா,Talk:நளவெண்பா
204,/wiki/Talk:%E0%AE%A8%E0%AE%BE.%E0%AE%AA%E0%AF%8A%E0%AE%A9%E0%AF%8D%E0%AE%A9%E0%AF%88%E0%AE%AF%E0%AE%BE,Talk:நா.பொன்னையா,Talk:நா.பொன்னையா
205,/wiki/Talk:%E0%AE%A8%E0%AE%BE%E0%AE%9E%E0%AF%8D%E0%AE%9A%E0%AE%BF%E0%AE%B2%E0%AF%8D_%E0%AE%A8%E0%AE%BE%E0%AE%9F%E0%AE%A9%E0%AF%8D,Talk:நாஞ்சில் நாடன்,Talk:நாஞ்சில் நாடன்
206,/wiki/Talk:%E0%AE%A8%E0%AE%BE%E0%AE%A9%E0%AF%8D%E0%AE%95%E0%AE%BE%E0%AE%AE%E0%AF%8D_%E0%AE%A4%E0%AE%AE%E0%AE%BF%E0%AE%B4%E0%AF%8D%E0%AE%9A%E0%AF%8D%E0%AE%9A%E0%AE%99%E0%AF%8D%E0%AE%95%E0%AE%AE%E0%AF%8D,Talk:நான்காம் தமிழ்ச்சங்கம்,Talk:நான்காம் தமிழ்ச்சங்கம்
207,/wiki/Talk:%E0%AE%A8%E0%AE%BE%E0%AE%B0%E0%AE%BE%E0%AE%AF%E0%AE%A3%E0%AF%88%E0%AE%AF%E0%AE%99%E0%AF%8D%E0%AE%95%E0%AE%BE%E0%AE%B0%E0%AF%8D,Talk:நாராயணையங்கார்,Talk:நாராயணையங்கார்
208,/wiki/Talk:%E0%AE%A8%E0%AF%80%E0%AE%B2%E0%AE%95%E0%AE%A3%E0%AF%8D%E0%AE%9F_%E0%AE%9A%E0%AE%BF%E0%AE%B5%E0%AE%AE%E0%AF%8D,Talk:நீலகண்ட சிவம்,Talk:நீலகண்ட சிவம்
209,/wiki/Talk:%E0%AE%AA._%E0%AE%9A%E0%AE%B0%E0%AE%B5%E0%AE%A3%E0%AE%A9%E0%AF%8D_%E0%AE%86%E0%AE%AF%E0%AF%8D%E0%AE%B5%E0%AE%BE%E0%AE%B3%E0%AE%B0%E0%AF%8D,Talk:ப. சரவணன் ஆய்வாளர்,Talk:ப. சரவணன் ஆய்வாளர்
210,/wiki/Talk:%E0%AE%AA%E0%AE%A4%E0%AF%8D%E0%AE%AE%E0%AE%BE_%E0%AE%9A%E0%AF%8B%E0%AE%AE%E0%AE%95%E0%AE%BE%E0%AE%A8%E0%AF%8D%E0%AE%A4%E0%AE%A9%E0%AF%8D,Talk:பத்மா சோமகாந்தன்,Talk:பத்மா சோமகாந்தன்
211,/wiki/Talk:%E0%AE%AA%E0%AE%BE%E0%AE%B2%E0%AE%99%E0%AF%8D%E0%AE%95%E0%AE%B3%E0%AF%8D,Talk:பாலங்கள்,Talk:பாலங்கள்
212,/wiki/Talk:%E0%AE%AA%E0%AE%BE%E0%AE%B2%E0%AF%8D_%E0%AE%9A%E0%AF%8A%E0%AE%AE%E0%AF%8D%E0%AE%AA%E0%AF%81_%E0%AE%AA%E0%AF%82%E0%AE%9C%E0%AF%88,Talk:பால் சொம்பு பூஜை,Talk:பால் சொம்பு பூஜை
213,/wiki/Talk:%E0%AE%AA%E0%AE%BF.%E0%AE%8E%E0%AE%AE%E0%AF%8D.%E0%AE%AE%E0%AE%A4%E0%AF%81%E0%AE%B0%E0%AF%88%E0%AE%AA%E0%AF%8D_%E0%AE%AA%E0%AE%BF%E0%AE%B3%E0%AF%8D%E0%AE%B3%E0%AF%88,Talk:பி.எம்.மதுரைப் பிள்ளை,Talk:பி.எம்.மதுரைப் பிள்ளை
214,/wiki/Talk:%E0%AE%AA%E0%AE%BF%E0%AE%A9%E0%AF%8D%E0%AE%A9%E0%AE%B2%E0%AF%8D_%E0%AE%95%E0%AF%8B%E0%AE%B2%E0%AE%BE%E0%AE%9F%E0%AF%8D%E0%AE%9F%E0%AE%AE%E0%AF%8D,Talk:பின்னல் கோலாட்டம்,Talk:பின்னல் கோலாட்டம்
215,/wiki/Talk:%E0%AE%AA%E0%AE%BF%E0%AE%B0%E0%AE%A4%E0%AE%BE%E0%AE%AA_%E0%AE%AE%E0%AF%81%E0%AE%A4%E0%AE%B2%E0%AE%BF%E0%AE%AF%E0%AE%BE%E0%AE%B0%E0%AF%8D_%E0%AE%9A%E0%AE%B0%E0%AE%BF%E0%AE%A4%E0%AF%8D%E0%AE%A4%E0%AE%BF%E0%AE%B0%E0%AE%AE%E0%AF%8D,Talk:பிரதாப முதலியார் சரித்திரம்,Talk:பிரதாப முதலியார் சரித்திரம்
216,/wiki/Talk:%E0%AE%AA%E0%AF%81%E0%AE%A4%E0%AF%81%E0%AE%95%E0%AF%8D%E0%AE%95%E0%AE%B4%E0%AE%A9%E0%AE%BF_%E0%AE%95%E0%AF%81%E0%AE%A9%E0%AF%8D%E0%AE%B1%E0%AF%81,Talk:புதுக்கழனி குன்று,Talk:புதுக்கழனி குன்று
217,/wiki/Talk:%E0%AE%AA%E0%AF%82%E0%AE%9C%E0%AE%BE%E0%AE%99%E0%AF%8D_%E0%AE%AA%E0%AE%B3%E0%AF%8D%E0%AE%B3%E0%AE%A4%E0%AF%8D%E0%AE%A4%E0%AE%BE%E0%AE%95%E0%AF%8D%E0%AE%95%E0%AF%81,Talk:பூஜாங் பள்ளத்தாக்கு,Talk:பூஜாங் பள்ளத்தாக்கு
218,/wiki/Talk:%E0%AE%AA%E0%AF%8A%E0%AE%A9%E0%AF%8D%E0%AE%A9%E0%AE%BE%E0%AE%AF%E0%AE%BF%E0%AE%B0%E0%AE%99%E0%AF%8D_%E0%AE%95%E0%AE%B5%E0%AE%BF%E0%AE%B0%E0%AE%BE%E0%AE%AF_%E0%AE%AE%E0%AF%82%E0%AE%B0%E0%AF%8D%E0%AE%A4%E0%AF%8D%E0%AE%A4%E0%AE%BF%E0%AE%95%E0%AE%B3%E0%AF%8D,Talk:பொன்னாயிரங் கவிராய மூர்த்திகள்,Talk:பொன்னாயிரங் கவிராய மூர்த்திகள்
219,/wiki/Talk:%E0%AE%AE%E0%AE%A9%E0%AF%8B%E0%AE%A9%E0%AF%8D%E0%AE%AE%E0%AE%A3%E0%AF%80%E0%AE%AF%E0%AE%AE%E0%AF%8D_%E0%AE%AA%E0%AF%86._%E0%AE%9A%E0%AF%81%E0%AE%A8%E0%AF%8D%E0%AE%A4%E0%AE%B0%E0%AE%A9%E0%AE%BE%E0%AE%B0%E0%AF%8D,Talk:மனோன்மணீயம் பெ. சுந்தரனார்,Talk:மனோன்மணீயம் பெ. சுந்தரனார்
220,/wiki/Talk:%E0%AE%AE%E0%AE%B0%E0%AF%81%E0%AE%A4%E0%AF%8D%E0%AE%A4%E0%AF%81%E0%AE%B5_%E0%AE%87%E0%AE%A4%E0%AE%B4%E0%AF%8D%E0%AE%95%E0%AE%B3%E0%AF%8D,Talk:மருத்துவ இதழ்கள்,Talk:மருத்துவ இதழ்கள்
221,/wiki/Talk:%E0%AE%AE%E0%AE%B2%E0%AE%95%E0%AF%8D%E0%AE%95%E0%AE%BF%E0%AE%AF%E0%AE%BE%E0%AE%B0%E0%AF%8D_%E0%AE%9A%E0%AF%81%E0%AE%B5%E0%AE%BE%E0%AE%AE%E0%AE%BF%E0%AE%A8%E0%AE%BE%E0%AE%A4%E0%AE%B0%E0%AF%8D,Talk:மலக்கியார் சுவாமிநாதர்,Talk:மலக்கியார் சுவாமிநாதர்
222,/wiki/Talk:%E0%AE%AE%E0%AF%81.%E0%AE%B0%E0%AE%BE%E0%AE%9C%E0%AF%87%E0%AE%A8%E0%AF%8D%E0%AE%A4%E0%AE%BF%E0%AE%B0%E0%AE%A9%E0%AF%8D,Talk:மு.ராஜேந்திரன்,Talk:மு.ராஜேந்திரன்
223,/wiki/Talk:%E0%AE%AE%E0%AF%81%E0%AE%A9%E0%AE%95%E0%AE%BE%E0%AE%B2_%E0%AE%B5%E0%AF%87%E0%AE%99%E0%AF%8D%E0%AE%95%E0%AE%9F%E0%AE%B0%E0%AE%BE%E0%AE%AE%E0%AF%88%E0%AE%AF%E0%AE%BE,Talk:முனகால வேங்கடராமையா,Talk:முனகால வேங்கடராமையா
224,/wiki/Talk:%E0%AE%AE%E0%AF%87%E0%AE%B2%E0%AF%8D%E0%AE%9A%E0%AE%BF%E0%AE%A4%E0%AF%8D%E0%AE%A4%E0%AE%BE%E0%AE%AE%E0%AF%82%E0%AE%B0%E0%AF%8D_%E0%AE%9A%E0%AE%AE%E0%AE%A3_%E0%AE%AE%E0%AE%9F%E0%AE%AE%E0%AF%8D,Talk:மேல்சித்தாமூர் சமண மடம்,Talk:மேல்சித்தாமூர் சமண மடம்
225,/wiki/Talk:%E0%AE%B0%E0%AE%BE._%E0%AE%95%E0%AE%BF%E0%AE%B0%E0%AF%81%E0%AE%B7%E0%AF%8D%E0%AE%A3%E0%AF%88%E0%AE%AF%E0%AE%BE,Talk:ரா. கிருஷ்ணையா,Talk:ரா. கிருஷ்ணையா
226,/wiki/Talk:%E0%AE%B0%E0%AE%BE.%E0%AE%95%E0%AE%A3%E0%AE%AA%E0%AE%A4%E0%AE%BF,Talk:ரா.கணபதி,Talk:ரா.கணபதி
227,/wiki/Talk:%E0%AE%B2%E0%AE%95%E0%AF%8D%E0%AE%B7%E0%AF%8D%E0%AE%AE%E0%AE%BF_%E0%AE%9A%E0%AE%B0%E0%AE%B5%E0%AE%A3%E0%AE%95%E0%AF%81%E0%AE%AE%E0%AE%BE%E0%AE%B0%E0%AF%8D,Talk:லக்ஷ்மி சரவணகுமார்,Talk:லக்ஷ்மி சரவணகுமார்
228,/wiki/Talk:%E0%AE%B2%E0%AE%9F%E0%AF%8D%E0%AE%9A%E0%AF%81%E0%AE%AE%E0%AE%BF%E0%AE%95%E0%AE%BE%E0%AE%A8%E0%AF%8D%E0%AE%A4%E0%AE%A9%E0%AF%8D_%E0%AE%95%E0%AF%8A%E0%AE%B2%E0%AF%88_%E0%AE%B5%E0%AE%B4%E0%AE%95%E0%AF%8D%E0%AE%95%E0%AF%81,Talk:லட்சுமிகாந்தன் கொலை வழக்கு,Talk:லட்சுமிகாந்தன் கொலை வழக்கு
229,/wiki/Talk:%E0%AE%B5._%E0%AE%87%E0%AE%B0%E0%AE%BE%E0%AE%AE%E0%AE%B2%E0%AE%BF%E0%AE%99%E0%AF%8D%E0%AE%95%E0%AE%AE%E0%AF%8D,Talk:வ. இராமலிங்கம்,Talk:வ. இராமலிங்கம்
230,/wiki/Talk:%E0%AE%B5.%E0%AE%89._%E0%AE%9A%E0%AE%BF%E0%AE%A4%E0%AE%AE%E0%AF%8D%E0%AE%AA%E0%AE%B0%E0%AE%A9%E0%AE%BE%E0%AE%B0%E0%AF%8D,Talk:வ.உ. சிதம்பரனார்,Talk:வ.உ. சிதம்பரனார்
231,/wiki/Talk:%E0%AE%B5.%E0%AE%9A%E0%AF%81%E0%AE%AA._%E0%AE%AE%E0%AE%BE%E0%AE%A3%E0%AE%BF%E0%AE%95%E0%AF%8D%E0%AE%95%E0%AE%AE%E0%AF%8D,Talk:வ.சுப. மாணிக்கம்,Talk:வ.சுப. மாணிக்கம்
232,/wiki/Talk:%E0%AE%B5%E0%AE%BF._%E0%AE%9A%E0%AE%B0%E0%AF%8B%E0%AE%9C%E0%AE%BF%E0%AE%A9%E0%AE%BF,Talk:வி. சரோஜினி,Talk:வி. சரோஜினி
233,/wiki/Talk:%E0%AE%B5%E0%AE%BF.%E0%AE%9A%E0%AE%B0%E0%AE%B8%E0%AF%8D%E0%AE%B5%E0%AE%A4%E0%AE%BF_%E0%AE%85%E0%AE%AE%E0%AF%8D%E0%AE%AE%E0%AE%BE%E0%AE%B3%E0%AF%8D,Talk:வி.சரஸ்வதி அம்மாள்,Talk:வி.சரஸ்வதி அம்மாள்
234,/wiki/Talk:%E0%AE%B5%E0%AE%BF.%E0%AE%AA%E0%AE%BE%E0%AE%B2%E0%AE%BE%E0%AE%AE%E0%AF%8D%E0%AE%AA%E0%AE%BE%E0%AE%B3%E0%AF%8D,Talk:வி.பாலாம்பாள்,Talk:வி.பாலாம்பாள்
235,/wiki/Talk:%E0%AE%B5%E0%AE%BF%E0%AE%B2%E0%AF%8D%E0%AE%B2%E0%AE%BF%E0%AE%AF%E0%AE%AE%E0%AF%8D_%E0%AE%AE%E0%AE%BF%E0%AE%B2%E0%AF%8D%E0%AE%B2%E0%AE%B0%E0%AF%8D,Talk:வில்லியம் மில்லர்,Talk:வில்லியம் மில்லர்
236,/wiki/Talk:%E0%AE%B5%E0%AF%86%E0%AE%B1%E0%AF%8D%E0%AE%B1%E0%AE%BF_%E0%AE%B5%E0%AF%87%E0%AE%B2%E0%AE%B0%E0%AF%8D,Talk:வெற்றி வேலர்,Talk:வெற்றி வேலர்
237,/wiki/Talk:%E0%AE%B5%E0%AF%87%E0%AE%99%E0%AF%8D%E0%AE%95%E0%AE%9F%E0%AE%A8%E0%AE%BE%E0%AE%A4%E0%AE%BE%E0%AE%9A%E0%AE%BE%E0%AE%B0%E0%AE%BF%E0%AE%AF%E0%AE%B0%E0%AF%8D,Talk:வேங்கடநாதாசாரியர்,Talk:வேங்கடநாதாசாரியர்
238,/wiki/Talk:%E0%AE%B5%E0%AF%87%E0%AE%99%E0%AF%8D%E0%AE%95%E0%AE%9F%E0%AE%B2%E0%AE%9F%E0%AF%8D%E0%AE%9A%E0%AF%81%E0%AE%AE%E0%AE%BF,Talk:வேங்கடலட்சுமி,Talk:வேங்கடலட்சுமி
239,/wiki/Talk:%E0%AE%B5%E0%AF%88%E0%AE%95%E0%AF%81%E0%AE%A3%E0%AF%8D%E0%AE%9F%E0%AE%B0%E0%AF%8D,Talk:வைகுண்டர்,Talk:வைகுண்டர்
240,/wiki/Talk:%E0%AE%B7%E0%AF%8B%E0%AE%AA%E0%AE%BE%E0%AE%9A%E0%AE%95%E0%AF%8D%E0%AE%A4%E0%AE%BF,Talk:ஷோபாசக்தி,Talk:ஷோபாசக்தி
241,/wiki/Talk:%E0%AE%B8%E0%AF%8D%E0%AE%9F%E0%AE%BE%E0%AE%B2%E0%AE%BF%E0%AE%A9%E0%AF%8D_%E0%AE%B0%E0%AE%BE%E0%AE%9C%E0%AE%BE%E0%AE%99%E0%AF%8D%E0%AE%95%E0%AE%AE%E0%AF%8D,Talk:ஸ்டாலின் ராஜாங்கம்,Talk:ஸ்டாலின் ராஜாங்கம்
242,/wiki/Talk:%E0%AE%B8%E0%AF%8D%E0%AE%B0%E0%AF%80%E0%AE%A4%E0%AE%B0%E0%AF%8D_%E0%AE%A8%E0%AE%BE%E0%AE%B0%E0%AE%BE%E0%AE%AF%E0%AE%A3%E0%AE%A9%E0%AF%8D,Talk:ஸ்ரீதர் நாராயணன்,Talk:ஸ்ரீதர் நாராயணன்
243,/wiki/Talk:%E0%AE%B9%E0%AE%BF%E0%AE%B2%E0%AF%8D%E0%AE%9F%E0%AE%BE_%E0%AE%AA%E0%AF%8B%E0%AE%B2%E0%AE%BE%E0%AE%B0%E0%AF%8D%E0%AE%9F%E0%AF%8D,Talk:ஹில்டா போலார்ட்,Talk:ஹில்டா போலார்ட்
